-1.000000000000000000e+00,-1.000000000000000000e+00,1.000000000000000056e-01,0.000000000000000000e+00,0.000000000000000000e+00,0.000000000000000000e+00,0.000000000000000000e+00,0.000000000000000000e+00,0.000000000000000000e+00,0.000000000000000000e+00,0.000000000000000000e+00,0.000000000000000000e+00
-1.000000000000000000e+00,-1.000000000000000000e+00,1.000000000000000056e-01,0.000000000000000000e+00,0.000000000000000000e+00,0.000000000000000000e+00,0.000000000000000000e+00,0.000000000000000000e+00,5.174640936519862011e-01,1.064582465106113540e+00,-1.029194196338153233e+00,-5.121123480114401355e-02
-1.000000000000000000e+00,-1.000000000000000000e+00,1.258732046825993267e-01,5.322912325530568256e-02,-5.145970981690766582e-02,-2.560561740057200678e-03,0.000000000000000000e+00,0.000000000000000000e+00,1.875813075930145679e+00,-1.149160212458717467e-01,4.977625204309727991e-01,9.967424319095725682e-01
-9.951953159581711228e-01,-9.949976438440161219e-01,2.194070391155101274e-01,4.485188728461832891e-02,-2.925836748546845750e-02,4.859784279083458058e-02,2.522984902290587028e-02,2.606201193526229420e-02,1.710515985382186077e+00,9.366370476731862293e-01,-8.279113420374830667e-01,3.498908768142282577e-01
-9.911915138322472396e-01,-9.900498041814222994e-01,3.047149533216332862e-01,9.122656708265133862e-02,-7.139670425717767333e-02,6.422543444045883398e-02,3.839747023048514785e-02,4.912392632047474228e-02,1.583017779811513925e+00,6.405438480369232135e-01,-6.337821955990601275e-01,1.263456127761575787e-01
-9.830653925396634074e-01,-9.808958405294455618e-01,3.829757554184559654e-01,1.230103019220526589e-01,-1.035295473335399175e-01,6.763826035602509001e-02,7.215804566679778764e-02,9.525136983181456407e-02,1.477643795477463051e+00,3.575122726525356009e-01,-3.880213384254500575e-01,4.604897125738470487e-02
-9.710528034985510537e-01,-9.678860342934272332e-01,4.549529714630935473e-01,1.408958345991888905e-01,-1.230665264566846023e-01,6.754228016220706343e-02,1.215587525580947015e-01,1.569616002852552705e-01,1.380764037804044886e+00,1.349370891233040437e-01,-1.784208491686697928e-01,1.691851235811044074e-02
-9.556190681313726509e-01,-9.514247843285964512e-01,5.209501991939805565e-01,1.476940507768371713e-01,-1.320179601028117489e-01,6.712387557138815852e-02,1.809504870695771706e-01,2.267218833664199906e-01,1.285885280329979397e+00,-3.424352779906433830e-02,-1.098795360046503355e-02,5.762105208025520425e-03
-9.371505146368714900e-01,-9.319455946773107513e-01,5.811464683117016916e-01,1.459547691505945488e-01,-1.326037734173934612e-01,6.732978794639001008e-02,2.458271803580816539e-01,2.983991889198804315e-01,1.190351044399466263e+00,-1.576183504134130720e-01,1.183336196543519903e-01,2.444216872009071645e-04
-9.159375825540478910e-01,-9.099054556623047407e-01,6.357382763352787958e-01,1.379574590808836376e-01,-1.267517789564672759e-01,6.821011246661905225e-02,3.126162281980696678e-01,3.673442932052118359e-01,1.093550819096482885e+00,-2.428682857663954087e-01,2.145124916974104901e-01,-4.237710486062439864e-03
-8.922039814581561590e-01,-8.857549354208116288e-01,6.849803201155774124e-01,1.256528244718164433e-01,-1.160989204811716385e-01,6.948546202973183983e-02,3.784178624714399919e-01,4.303168569198216886e-01,9.960178463788567083e-01,-2.972643715968509293e-01,2.822525975016907940e-01,-9.259814183587365688e-03
-8.661424712289909067e-01,-8.599146356964703086e-01,7.291859437449448311e-01,1.106369122243734959e-01,-1.020395305371168543e-01,7.080362444197539629e-02,4.408610465900074660e-01,4.853007949718488034e-01,8.989067414527559530e-01,-3.273454116205723463e-01,3.258501294878150545e-01,-1.511852343460559286e-02
-8.379451940576705393e-01,-8.327622486310575223e-01,7.687135679000673960e-01,9.416237523195246373e-02,-8.576317399594592106e-02,7.185667497393792569e-02,4.980403189037871381e-01,5.312690942029120178e-01,8.036472111505884586e-01,-3.387642838740620999e-01,3.492108226945100369e-01,-2.154217564242977279e-02
-8.078243443515159550e-01,-8.046283125472252218e-01,8.039494257391750498e-01,7.717521081861376808e-02,-6.827870978045433303e-02,7.242813561751813844e-02,5.484915191210529839e-01,5.679417669213311370e-01,7.117023838004211678e-01,-3.362545200058455475e-01,3.558905888035286957e-01,-2.803109819275776196e-02
-7.760227662950692773e-01,-7.757979142409235918e-01,8.352906201530984065e-01,6.036422517606659932e-02,-5.042908831416197113e-02,7.240262677677745951e-02,5.911778477777565044e-01,5.955642690416937945e-01,6.244038719418453232e-01,-3.236730076404676359e-01,3.491272041598314502e-01,-3.405066943654256467e-02
-7.428158949154272106e-01,-7.465159474645360893e-01,8.631301732884872902e-01,4.421319642093012037e-02,-3.290181282788420813e-02,7.175547136073681664e-02,6.254702484319433209e-01,6.147209408842471134e-01,5.428480189807715073e-01,-3.040863463237731823e-01,3.318572271861363610e-01,-3.914779575824395286e-02
-7.085071678051586552e-01,-7.169940331871158534e-01,8.878448433820971264e-01,2.904910267867371471e-02,-1.623865247914276985e-02,7.053271709309705262e-02,6.511155242064738946e-01,6.261887362700659931e-01,4.678412096775112494e-01,-2.798786412702877202e-01,3.067215684987006918e-01,-4.301365645725591103e-02
-6.734191551847332757e-01,-6.874176454895124522e-01,9.097860501179776405e-01,1.508284921350448726e-02,-8.465776570239121057e-04,6.882815356086480207e-02,6.681918996071938288e-01,6.308301593781538985e-01,3.998835462790737982e-01,-2.528658583924320857e-01,2.760654549263991120e-01,-4.550395761805169081e-02
-6.378824713233984811e-01,-6.579523955234685140e-01,9.292739446359664646e-01,2.441305962316260916e-03,1.298944021511073965e-02,6.676139851735503339e-02,6.770552918116155006e-01,6.295204930197980664e-01,3.391812674023166330e-01,-2.244068155167805168e-01,2.419378775731677589e-01,-4.662730710412539559e-02
-6.022241872878461022e-01,-6.287488341352162058e-01,9.465944068275204959e-01,-8.808935929279509622e-03,2.509198961568408215e-02,6.445937809729264389e-02,6.782809416502350031e-01,6.231026087867603813e-01,2.856792827422356407e-01,-1.955043140468307461e-01,2.060939734022312342e-01,-4.651334091473483673e-02
-5.667570474649162859e-01,-5.999455259566398579e-01,9.619985557630502671e-01,-1.864479536518424269e-02,3.537580209266683734e-02,6.204226815148976976e-02,6.726049547104842041e-01,6.123623570800613702e-01,2.391061717283546884e-01,-1.668924801838933825e-01,1.700021050240149434e-01,-4.537184847839763335e-02
-5.317703600086994831e-01,-5.716704810242769774e-01,9.757042349503320944e-01,-2.707530065915591047e-02,4.383213495677588251e-02,5.961407727064421680e-02,6.608693781618997232e-01,5.980181918016893583e-01,1.990250335049853769e-01,-1.391084362046155765e-01,1.348560709869615071e-01,-4.345203731256667284e-02
-4.975230318191484757e-01,-5.440412642086669415e-01,9.878988867178898348e-01,-3.413398465146057215e-02,5.051365051520771698e-02,5.725746710086374036e-02,6.439732249835736777e-01,5.807198141255184298e-01,1.648847507255918610e-01,-1.125480846645933730e-01,1.015920060251130908e-01,-4.100800379995320905e-02
-4.642388866549850834e-01,-5.171642208820258491e-01,9.987432501292506926e-01,-3.987375404833583270e-02,5.552031717069364630e-02,5.503206936326593413e-02,6.228307126423388018e-01,5.610518730743854210e-01,1.360675384575244784e-01,-8.750707445504296578e-02,7.090907312706028198e-02,-3.827336826011469573e-02
-4.321041594463667646e-01,-4.911332694596504123e-01,1.008375387226252640e+00,-4.436323494514114729e-02,5.898666778780525116e-02,5.297541994360535633e-02,5.983370904242621968e-01,5.395399237168334583e-01,1.119300091501366223e-01,-6.420891421154960310e-02,4.329289562290304649e-02,-3.544554163852173256e-02
-4.012669032924817691e-01,-4.660286471199299174e-01,1.016914643347538005e+00,-4.768390906237349181e-02,6.107058464605924497e-02,5.110563548726343441e-02,5.713418340549735186e-01,5.166568147464727367e-01,9.183626997548112458e-02,-4.282271079236282807e-02,1.904070588084417343e-02,-3.267847675456721224e-02
-3.718379671607597303e-01,-4.419158903075920963e-01,1.024465260354431306e+00,-4.992761476848896207e-02,6.194365544394864892e-02,4.942505632235418694e-02,5.426286493053628091e-01,4.928284301243745502e-01,7.518266259201619728e-02,-2.347317477983205947e-02,-1.712701242530718232e-03,-3.008196950282509413e-02
-3.438931832824256851e-01,-4.188452187206992416e-01,1.031119471793328080e+00,-5.119418089057265614e-02,6.178306224012786868e-02,4.792422748750749945e-02,5.129015736829579675e-01,4.684382604041893994e-01,6.141458326272131174e-02,-6.245414693243678955e-03,-1.896899060692727734e-02,-2.772540661773702578e-02
-3.174764230142824717e-01,-3.968513925441221613e-01,1.036960005577640231e+00,-5.158909404796692411e-02,6.076491732918844202e-02,4.658575348616322831e-02,4.827764216387423479e-01,4.438306613799044564e-01,5.003636308768145274e-02,8.813283576022743274e-03,-3.284094373396625327e-02,-2.564406650566115192e-02
-2.926032203373097329e-01,-3.759540387284554530e-01,1.042061996301736349e+00,-5.122118353964735110e-02,5.905893638798609402e-02,4.538771907282876383e-02,4.527768260192334138e-01,4.193129061782428502e-01,4.061546913734313813e-02,2.169294216638885386e-02,-4.352830513886196684e-02,-2.384646787340272828e-02
-2.692647098430914765e-01,-3.561583950254350595e-01,1.046494363366487157e+00,-5.020035471793420079e-02,5.682433002497144781e-02,4.430650419047300892e-02,4.233341518076570997e-01,3.951562829675968613e-01,3.278236025609303217e-02,3.242038259562669139e-02,-5.129527992375587653e-02,-2.232169040403043231e-02
-2.474316728895850082e-01,-3.374563964431118723e-01,1.050320743432841430e+00,-4.863542365287916447e-02,5.420679274038843476e-02,4.331892966305890547e-02,3.947905827323135997e-01,3.715965593124246902e-01,2.622725837805190904e-02,4.105793693761706359e-02,-5.645005512596233677e-02,-2.104598397057205750e-02
-2.270585277722387274e-01,-3.198280214490102913e-01,1.053600079275254675e+00,-4.663211146676834312e-02,5.133646866319346164e-02,4.240375003971007251e-02,3.674047057744468381e-01,3.488341460141913819e-01,2.069493558278743400e-02,4.770100265686622043e-02,-5.932662524740633242e-02,-1.998830208110078180e-02
-2.080871363131687746e-01,-3.032428181914358367e-01,1.056386966075118394e+00,-4.429125221953807146e-02,4.832677409231971727e-02,4.154256299106547784e-02,3.413589480656401554e-01,3.270342645087800926e-01,1.597841594559133716e-02,5.247438651855846486e-02,-6.026910579791079636e-02,-1.911463251006049330e-02
-1.904503307572295023e-01,-2.876615390306888065e-01,1.058731845156304363e+00,-4.170725790277084871e-02,4.527395737775712775e-02,4.072023464555732386e-02,3.167682610283933942e-01,3.063273664564210574e-01,1.191228336056072631e-02,5.552760775392074494e-02,-5.961861972332613280e-02,-1.839115914046431446e-02
-1.740750922584214933e-01,-2.730378212869079557e-01,1.060681118426586966e+00,-3.896687081526228891e-02,4.225727755068539593e-02,3.992495185358455045e-02,2.936895013243038810e-01,2.868099840442889237e-01,8.366093503392540986e-03,5.702946352547837161e-02,-5.770274506872425518e-02,-1.778638636827821820e-02
-1.588853363665447549e-01,-2.593198614333724339e-01,1.062277237952895081e+00,-3.614821930072309453e-02,3.933968521906417576e-02,3.914801036980746635e-02,2.721310270806442944e-01,2.685461148860384673e-01,5.238221685459539326e-03,5.716221459652657405e-02,-5.482742391127635312e-02,-1.727240547350892413e-02
-1.448042822264319907e-01,-2.464520383011717108e-01,1.063558806858009964e+00,-3.332017889565640906e-02,3.656889335810426661e-02,3.838343683074157964e-02,2.520621076334120247e-01,2.515691744397674512e-01,2.450343179311037598e-03,5.611574443447036459e-02,-5.127115777940559338e-02,-1.682549509274119254e-02
-1.317564007688229455e-01,-2.343764482363236423e-01,1.064560711838747009e+00,-3.054202833350302612e-02,3.397873217374913768e-02,3.762752606424620005e-02,2.334218303530873895e-01,2.358844876025477655e-01,-5.736132849973015271e-05,5.408200017165447349e-02,-4.728125727621849267e-02,-1.642623749895095672e-02
-1.196689528782854395e-01,-2.230343218884078271e-01,1.065314294992429467e+00,-2.786337924729940033e-02,3.159069121060022189e-02,3.687835683920253488e-02,2.161272731394209279e-01,2.214722433516382871e-01,-2.330257923059997002e-03,5.124995660272932407e-02,-4.307187532996842316e-02,-1.605930865243077044e-02
-1.084731411967944509e-01,-2.123672987511008026e-01,1.065847563555575084e+00,-2.532435021328291458e-02,2.941556294506042155e-02,3.613533099178732610e-02,2.000807906045941886e-01,2.082908036244232042e-01,-4.402603108890930719e-03,4.780126913716228887e-02,-3.882353432648779495e-02,-1.571307036435982268e-02
-9.810490877027128187e-02,-2.023185419252209460e-01,1.066185430390187650e+00,-2.295595014909319539e-02,2.745511461756390895e-02,3.539876453009749985e-02,1.851763318508681810e-01,1.962802398563893713e-01,-6.300244064556302127e-03,4.390670888729136800e-02,-3.468385559361714110e-02,-1.537906259790750539e-02
-8.850542423065493880e-02,-1.928336818634385219e-01,1.066349975094799341e+00,-2.078063297538085968e-02,2.570372825710737219e-02,3.466954572847495003e-02,1.713047657356266407e-01,1.853659661259405012e-01,-8.042756775317199194e-03,3.972340960207830507e-02,-3.076921237572288748e-02,-1.505146618108179311e-02
-7.962129685572917615e-02,-1.838615839655458606e-01,1.066360714831535050e+00,-1.881298464400809473e-02,2.414996198253936688e-02,3.394886473450802605e-02,1.583582347878382535e-01,1.754623441860874711e-01,-9.645108368096915255e-03,3.539290544278463069e-02,-2.716705098095194976e-02,-1.472658274977990157e-02
-7.140456602964062593e-02,-1.753549406228204766e-01,1.066234874691493806e+00,-1.706050477520665645e-02,2.277799807453234973e-02,3.323801177332880857e-02,1.462335919292027664e-01,1.664761498825630681e-01,-1.111892747624024583e-02,3.103990161666119602e-02,-2.393865548046094152e-02,-1.440236018321372317e-02
-6.381250879361058392e-02,-1.672706934401959611e-01,1.065987649073440791e+00,-1.552444779999342765e-02,2.156895450563594413e-02,3.253823632050908271e-02,1.348349961606949421e-01,1.583098096474859218e-01,-1.247345927616944593e-02,2.677169588295608138e-02,-2.112216572003989754e-02,-1.407797799144735670e-02
-5.680730681529803233e-02,-1.595702957103927455e-01,1.065632447634299984e+00,-1.420069221982571232e-02,2.050204627981827218e-02,3.185065714990317071e-02,1.240757561854265723e-01,1.508643372936527838e-01,-1.371627217164183773e-02,2.267815613086315851e-02,-1.873569352874365421e-02,-1.375349748263348694e-02
-5.035561068538241952e-02,-1.522198286546903867e-01,1.065181121514871210e+00,-1.308061094176700412e-02,1.955559092661159071e-02,3.117621241547648830e-02,1.138795164992205677e-01,1.440419230696045605e-01,-1.485377256300836855e-02,1.883215533390850821e-02,-1.678041560480808200e-02,-1.342957529725081339e-02
-4.442803538638607358e-02,-1.451899874360618181e-01,1.064644167500826688e+00,-1.215192024775104025e-02,1.870785882256946128e-02,3.051563938251234537e-02,1.041808806658538894e-01,1.377481472749067515e-01,-1.589157382487835571e-02,1.529036786899493593e-02,-1.524355205533419085e-02,-1.310723523527233120e-02
-3.899861641288519115e-02,-1.384559545175889916e-01,1.064030909402920555e+00,-1.139948950812684492e-02,1.793777378631562433e-02,2.986947463165227912e-02,9.492556295861502569e-02,1.318938086290285250e-01,-1.683475620188178840e-02,1.209433829721283903e-02,-1.410116604136628544e-02,-1.278769148508411731e-02
-3.404425161526900695e-02,-1.319971786633792610e-01,1.063349657171832163e+00,-1.080609803043160698e-02,1.722547279444791926e-02,2.923806715179402133e-02,8.607015365377902738e-02,1.263963724684561696e-01,-1.768804617376362742e-02,9.271743418711782952e-03,-1.332074205810761941e-02,-1.247221577456502674e-02
-2.954414957639604419e-02,-1.257970778780458931e-01,1.062607845104676541e+00,-1.035312929940961947e-02,1.655273591015835044e-02,2.862159843884305027e-02,7.758157605440407778e-02,1.211810555367511810e-01,-1.845593705815298802e-02,6.837779300100592372e-03,-1.286351810359562427e-02,-1.216204113282136345e-02
-2.547930133201284017e-02,-1.198426839898005108e-01,1.061812150995289583e+00,-1.002119623623055553e-02,1.590329882806126166e-02,2.802010533607850878e-02,6.943630556427658751e-02,1.161815727387543462e-01,-1.914276717543638220e-02,4.796615981660605835e-03,-1.268656069118320739e-02,-1.185829553419076240e-02
-2.183198858033143230e-02,-1.141242455397883937e-01,1.060968598294598664e+00,-9.790693959796797213e-03,1.526306102835301749e-02,2.743350277128035405e-02,6.161941333363910034e-02,1.113405770491664032e-01,-1.975276766324375599e-02,3.142872995420146164e-03,-1.274458184718735114e-02,-1.156195946522704451e-02
-1.858533822480768621e-02,-1.086348042766395738e-01,1.060082643354226528e+00,-9.642278886170236804e-03,1.462020258749353180e-02,2.686160470702829775e-02,5.412348947468625243e-02,1.066098271985434082e-01,-2.029008881823472082e-02,1.863078243082513319e-03,-1.299150448988016862e-02,-1.127384226872614470e-02
-1.572293016273623029e-02,-1.033697589852188709e-01,1.059159249696756344e+00,-9.557274893948813563e-03,1.396522236707905401e-02,2.630414250823142480e-02,4.694749376272695784e-02,1.019501192472333506e-01,-2.075881146631467292e-02,9.370809951465712334e-04,-1.338178750027651728e-02,-1.099457289772608377e-02
-1.322846266115880638e-02,-9.832642869851443423e-02,1.058202951051282703e+00,-9.518008767990087868e-03,1.329090972185402453e-02,2.576078055902802227e-02,4.009557516371804742e-02,9.733101813341571429e-02,-2.116294813368382530e-02,3.393967403178000655e-04,-1.387152491763561299e-02,-1.072460142022332863e-02
-1.108547743291588006e-02,-9.350362562848610337e-02,1.057217904661500896e+00,-9.508078269967697171e-03,1.259226112667868533e-02,2.523112936186040073e-02,3.357589546206513065e-02,9.273042414063922823e-02,-2.150643754649170236e-02,4.046740580317066596e-05,-1.441933550102584942e-02,-1.046420824105742664e-02
-9.277144618143041283e-03,-8.890124646432587263e-02,1.056207936150294513e+00,-9.512557028922032781e-03,1.186635228976636730e-02,2.471475656611520078e-02,2.739948667126888143e-02,8.813400731352030726e-02,-2.179313509049126546e-02,7.825216757050175442e-06,-1.498705978554966053e-02,-1.021351855370761577e-02
-7.786106268160713356e-03,-8.451988906780544264e-02,1.055176577030981333e+00,-9.518141049633726744e-03,1.111217544361506847e-02,2.421119644619375635e-02,2.157916674829998827e-02,8.353454043633040671e-02,-2.202680120741904932e-02,2.071523253070960645e-04,-1.554028203496313383e-02,-9.972520009975177277e-03
-6.594375598276873765e-03,-8.036050007468169276e-02,1.054127095801246083e+00,-9.513242045255989807e-03,1.033045061745743211e-02,2.371995832134854779e-02,1.612853335593214532e-02,7.893115849582696408e-02,-2.221108921273706738e-02,6.032314823595201362e-04,-1.604869437798235599e-02,-9.741082009123311347e-03
-5.683288203387021516e-03,-7.642405750727042368e-02,1.053062523442666043e+00,-9.488033049024355639e-03,9.523418815509695004e-03,2.324053431951032117e-02,1.106105099069258114e-02,7.432856973890120122e-02,-2.234953363452463551e-02,1.160785597859696327e-03,-1.648632007088727397e-02,-9.518975368088933298e-03
-5.033500596262629329e-03,-7.271129122678986201e-02,1.051985674071825638e+00,-9.434451876495102141e-03,8.694624165402285373e-03,2.277240676582472159e-02,6.389242695963285971e-03,6.973624062171099314e-02,-2.244553985957544948e-02,1.845206165852535975e-03,-1.683161235467750885e-02,-9.305891446772438652e-03
-4.625030814511286135e-03,-6.922244290927787036e-02,1.050899161439845741e+00,-9.346168016789842270e-03,7.848691267336076541e-03,2.231505534808800317e-02,2.123993802019908186e-03,6.516757420541847978e-02,-2.250237560867449776e-02,2.623172320496242396e-03,-1.706744482749630171e-02,-9.101460071075546943e-03
-4.437335429976077897e-03,-6.595706621575578299e-02,1.049805411945749389e+00,-9.218518445964152958e-03,6.991103170256652774e-03,2.186796409335533056e-02,-1.726028319124077101e-03,6.063909893010985264e-02,-2.252316453743958072e-02,3.463163810465536702e-03,-1.718100865854165632e-02,-8.905265823847995782e-03
-4.449417065241378054e-03,-6.291386694278576497e-02,1.048706674805633288e+00,-9.048417691625705930e-03,6.127984628861967223e-03,2.143062809413684433e-02,-5.154837614792295852e-03,5.616968221700808367e-02,-2.251088206748598844e-02,4.335872480796111421e-03,-1.716363133294540599e-02,-8.716862462000424597e-03
-4.639956456953951008e-03,-6.009058217862789375e-02,1.047605029995675618e+00,-8.834247246758415717e-03,5.265894556483037732e-03,2.100255985487888694e-02,-8.159477727105630962e-03,5.177978101926115906e-02,-2.246835339415282837e-02,5.214517960085401048e-03,-1.701053093276814338e-02,-8.535785368638660123e-03
-4.987463185424133652e-03,-5.748389684665396182e-02,1.046502394556237059e+00,-8.575729142585523934e-03,4.411630885966064120e-03,2.058329509154456158e-02,-1.074025968267090098e-02,4.749073926424766945e-02,-2.239825349218445977e-02,6.075074180126874973e-03,-1.672051921597061952e-02,-8.361562064374676931e-03
-5.470439394641855337e-03,-5.508939548469822534e-02,1.045400527802740065e+00,-8.273788154848844487e-03,3.572050386334411735e-03,2.017239780740076593e-02,-1.290089521936776604e-02,4.332414010200747595e-02,-2.230310885005279062e-02,6.896414106271104780e-03,-1.629566594425599022e-02,-8.193720885000596935e-03
-6.067551136451748359e-03,-5.290154667954170831e-02,1.044301035935053079e+00,-7.930406744613099565e-03,2.753905360323426980e-03,1.976946448257641681e-02,-1.464853371209870470e-02,3.930121899040655425e-02,-2.218530060651126637e-02,7.660380628291540810e-03,-1.574093602540665646e-02,-8.031797987112874321e-03
-6.757802367311815765e-03,-5.091371724260832649e-02,1.043205376471270540e+00,-7.548476433151427196e-03,1.963698570277658262e-03,1.937412724814100914e-02,-1.599371191674583623e-02,3.544234190406918977e-02,-2.204706873751152360e-02,8.351791948640470767e-03,-1.506381007683850297e-02,-7.875342873407549862e-03
-7.520707086376205407e-03,-4.911821296912725898e-02,1.042114862856209356e+00,-7.131648890260783476e-03,1.207557210764534025e-03,1.898605596129701936e-02,-1.695022663871562432e-02,3.176655134883565879e-02,-2.189051694431601303e-02,8.958390008309675967e-03,-1.427389799090190113e-02,-7.723922639867000783e-03
-8.336455610940598018e-03,-4.750634266149182661e-02,1.041030669512975404e+00,-6.684189585935036704e-03,4.911262686827636871e-04,1.860495915074676654e-02,-1.753494096959794940e-02,2.829118139642292432e-02,-2.171761791991017043e-02,9.470740511566124592e-03,-1.338255400157334872e-02,-7.577125142699466485e-03
-9.186071522031902595e-03,-4.606850201137950573e-02,1.039953837521518709e+00,-6.210836425891487836e-03,-1.805188118689294609e-04,1.823058385487358324e-02,-1.776753495091213178e-02,2.503154162673587937e-02,-2.153021871488675076e-02,9.882092959388561956e-03,-1.240250063463220996e-02,-7.434561268331846447e-03
-1.005155636299808961e-02,-4.479427391744786324e-02,1.038885281025315743e+00,-5.716665370570092955e-03,-8.029406104895766769e-04,1.786271442542428090e-02,-1.767021145256911577e-02,2.200066868063249928e-02,-2.133004598035670094e-02,1.018820879164295673e-02,-1.134746778964300200e-02,-7.295866468687134919e-03
-1.091601972292269296e-02,-4.367254185909302117e-02,1.037825794390029088e+00,-5.206964632648553894e-03,-1.372390119042126225e-03,1.750117041233993642e-02,-1.726736773525967134e-02,1.920914308690342687e-02,-2.111871092762550653e-02,1.038716528838242066e-02,-1.023185207655821598e-02,-7.160701700612888236e-03
-1.176379287198666031e-02,-4.269161304476776914e-02,1.036776060069518168e+00,-4.687118666588789909e-03,-1.885840055214233315e-03,1.714580367880671335e-02,-1.658524264304164081e-02,1.666496813623060541e-02,-2.089771390758455444e-02,1.047914231602508142e-02,-9.070400434402468154e-03,-7.028753884390596778e-03
-1.258052462695958759e-02,-4.183934819852171832e-02,1.035736657077433120e+00,-4.162502810725600584e-03,-2.341002319379711493e-03,1.679649491819858523e-02,-1.565154868833875529e-02,1.437350683302006903e-02,-2.066844857199267443e-02,1.046619834893787633e-02,-7.877921017923002894e-03,-6.899735974493275727e-03
-1.335325860330337407e-02,-4.110329503348793267e-02,1.034708069918493178e+00,-3.638389122191880432e-03,-2.736330962247222800e-03,1.645314975603321198e-02,-1.449509748883219366e-02,1.233747236240851156e-02,-2.043220563052538727e-02,1.035204147982000771e-02,-6.669023368797240628e-03,-6.773386716794471164e-03
-1.407049144942704860e-02,-4.047082267872144368e-02,1.033690697803199221e+00,-3.119863660418562782e-03,-3.071012131705907599e-03,1.611569462090145510e-02,-1.314542613424471082e-02,1.055696706119243697e-02,-2.019017625930506765e-02,1.014180037955118852e-02,-5.457889007686955729e-03,-6.649470151192339237e-03
-1.472221205390491020e-02,-3.992925456888618552e-02,1.032684863953093668e+00,-2.611755227668802973e-03,-3.344942524307109935e-03,1.578407255973010917e-02,-1.163243113698494979e-02,9.029564572178638143e-03,-1.994345524672675590e-02,9.841799404649994101e-03,-4.258072804011267184e-03,-6.527774906593402857e-03
-1.529992206523647820e-02,-3.946599756775807932e-02,1.031690824799962325e+00,-2.118575365461869246e-03,-3.558697884914710941e-03,1.545823915634034380e-02,-9.986015685641797673e-03,7.750429683266847267e-03,-1.969304398105890114e-02,9.459341302005279742e-03,-3.082334808803036640e-03,-6.408113326706404989e-03
-1.579663836489015455e-02,-3.906866536963292391e-02,1.030708778890157662e+00,-1.644469233087074997e-03,-3.713493082533030325e-03,1.513815868993816094e-02,-8.235755000909969134e-03,6.712470294951384392e-03,-1.943985339106802171e-02,9.002500244613445904e-03,-1.942501676660597686e-03,-6.290320459148296926e-03
-1.620687838824914559e-02,-3.872519450119209922e-02,1.029738875322697700e+00,-1.193176857109962867e-03,-3.811135246729376730e-03,1.482380064388924557e-02,-6.410583710954930424e-03,5.906516010507366354e-03,-1.918470694813798755e-02,8.479927267109737057e-03,-8.493563528363062918e-04,-6.174252935771500951e-03
-1.652662939616040758e-02,-3.842395152441888118e-02,1.028781221574810001e+00,-7.680041363635975796e-04,-3.853971382839339096e-03,1.451513664682715574e-02,-4.538508333586595972e-03,5.321517988130720044e-03,-1.892834382642819696e-02,7.900669565527968993e-03,1.874456412294454692e-04,-6.059787769800636069e-03
-1.675330296449806244e-02,-3.815383031364075195e-02,1.027835890598953528e+00,-3.718029124767832216e-04,-3.844831800622654054e-03,1.421213789951073815e-02,-2.646347187215555407e-03,4.944764919130460908e-03,-1.867142229960980920e-02,7.274004592756060095e-03,1.159435236280797121e-03,-5.946821092690113969e-03
-1.688567608360656488e-02,-3.790433854227378413e-02,1.026902927108812813e+00,-6.959368069960319286e-06,-3.786970595083111873e-03,1.391477311342947422e-02,-7.594993583612884118e-04,4.762110285984915391e-03,-1.841452343017968563e-02,6.609289422537987201e-03,2.059366226258644607e-03,-5.835266851729706272e-03
-1.692382034726348794e-02,-3.766567276369153783e-02,1.025982353006247738e+00,3.246100102516159326e-04,-3.684004314261163371e-03,1.362300696212764839e-02,1.098256266282376502e-03,4.758206393969417920e-03,-1.815815508244068843e-02,5.915825472755104585e-03,2.881231210353061949e-03,-5.725055487238638052e-03
-1.686902076573439449e-02,-3.742878170292756462e-02,1.025074171934833966e+00,6.214556727814211012e-04,-3.539849840819124689e-03,1.333679902448218699e-02,2.904931440400950436e-03,4.916741046098264609e-03,-1.790275626495074421e-02,5.202738370758223756e-03,3.620259229179228783e-03,-5.616132605785515743e-03
-1.672368576349979319e-02,-3.718541758949431980e-02,1.024178372976867646e+00,8.825862103800070175e-04,-3.358662405452297276e-03,1.305610318130920496e-02,4.640468481290627167e-03,5.220673130317082973e-03,-1.764870178417690672e-02,4.478872506489541341e-03,4.272897220578513247e-03,-5.508457663205621954e-03
-1.649124992316777435e-02,-3.692817555502146687e-02,1.023294933538283935e+00,1.107454257994157625e-03,-3.144774543226456359e-03,1.278086741299153117e-02,6.286850090506517288e-03,5.652463798585864903e-03,-1.739630716957533615e-02,3.752699646175166725e-03,4.836777342487965509e-03,-5.402002668355934331e-03
-1.617607101661326305e-02,-3.665052129189452779e-02,1.022423821488939399e+00,1.295937804352466621e-03,-2.902636700922583968e-03,1.251103393636252697e-02,7.828179828482091304e-03,6.194300329608452317e-03,-1.714583381238740656e-02,3.032240863904503772e-03,5.310672103862446210e-03,-5.296750915677649399e-03
-1.578332282590845168e-02,-3.634680732039530932e-02,1.021564996643572032e+00,1.448317577397807481e-03,-2.636760105813748534e-03,1.224653961368972824e-02,9.250734284703134372e-03,6.828310172018995164e-03,-1.689749424668338801e-02,2.325000981883695687e-03,5.694439118473502634e-03,-5.192695751958496114e-03
-1.531888520320935469e-02,-3.601227834228126062e-02,1.020718411681212023e+00,1.565251134693413683e-03,-2.351662415014678462e-03,1.198731656494498102e-02,1.054298821964261279e-02,7.536763056019954443e-03,-1.665145749200028918e-02,1.637914684255615573e-03,5.988957161716843523e-03,-5.089839380317529721e-03
-1.478923275317287761e-02,-3.564306626895909214e-02,1.019884012607921164e+00,1.647744246222914485e-03,-2.051816580073436910e-03,1.173329291617616031e-02,1.169561414525212457e-02,8.302259433567464250e-03,-1.640785437227211541e-02,9.773034752039982259e-04,6.196055072244668373e-03,-4.988191702605513159e-03
-1.420132344607378909e-02,-3.523617560338049987e-02,1.019061738869748934e+00,1.697120115325034774e-03,-1.741603284004924600e-03,1.148439362117390297e-02,1.270145796340044382e-02,9.107903856500006862e-03,-1.616678272548301501e-02,3.488426818674337506e-04,6.318434905865488900e-03,-4.887769200115610856e-03
-1.356248838660595313e-02,-3.478945992770227091e-02,1.018251523220203181e+00,1.714986943206763936e-03,-1.425267237300751125e-03,1.124054130018118693e-02,1.355549240181941860e-02,9.937462226118494793e-03,-1.592831242212760373e-02,-2.424622519958352608e-04,6.359590622514251987e-03,-4.788593851943352513e-03
-1.288032387410475640e-02,-3.430159030493683953e-02,1.017453291439961882e+00,1.703204304390509806e-03,-1.106877555197140683e-03,1.100165704753053308e-02,1.425475007978796102e-02,1.077550214542643409e-02,-1.569249011765377552e-02,-7.922908810100249893e-04,6.323723470912696702e-03,-4.690692090269938004e-03
-1.216258679605500270e-02,-3.377201644366772948e-02,1.016666961996730123e+00,1.663848765072802093e-03,-7.902923801096021616e-04,1.076766116924636994e-02,1.479823810517416106e-02,1.160751587625566753e-02,-1.545934367384507908e-02,-1.297014923608722902e-03,6.215655131572351590e-03,-4.594093792470647745e-03
-1.141709429944863172e-02,-3.320092150182667179e-02,1.015892445720878001e+00,1.599179143888230809e-03,-4.791278600274268603e-04,1.053847382127545522e-02,1.518683615405049155e-02,1.242002564832912943e-02,-1.522888619601761410e-02,-1.753698063923616549e-03,6.040739588350729078e-03,-4.498831310849440816e-03
-1.065162858483265779e-02,-3.258917141990223115e-02,1.015129645558562332e+00,1.511601784909355180e-03,-1.767315451136720417e-04,1.031401552863134806e-02,1.542318001666026332e-02,1.320067128700787643e-02,-1.500111964604194069e-02,-2.160088926611952211e-03,5.804774619392234943e-03,-4.404938542168462638e-03
-9.873847566591164443e-03,-3.193825967708544683e-02,1.014378456449250621e+00,1.403636185577840844e-03,1.138397797883183003e-04,1.009420757493234046e-02,1.551153261110561205e-02,1.393828032248666665e-02,-1.477603800508942890e-02,-2.514607719775102668e-03,5.513913731778384043e-03,-4.312450040503473629e-03
-9.091202040877465959e-03,-3.125024835698202857e-02,1.013638765359643923e+00,1.277881297248311060e-03,3.898378502370993415e-04,9.878972260236434585e-03,1.545764447022252019e-02,1.462292091721362382e-02,-1.455362997387361565e-02,-2.816327010261185978e-03,5.174579306258590868e-03,-4.221400178076263957e-03
-8.310859900320407070e-03,-3.052770639376125097e-02,1.012910451491593866e+00,1.136982792609820148e-03,6.488363266437455461e-04,9.668233032471666016e-03,1.526860569860633010e-02,1.524593810209436302e-02,-1.433388121147130198e-02,-3.064947077014454433e-03,4.793377667980792782e-03,-4.131822360222211707e-03
-7.539637832796274725e-03,-2.977364584599451885e-02,1.012193386668298167e+00,9.836015718122947428e-04,8.887399456249158716e-04,9.461914503902562126e-03,1.495269137613810563e-02,1.579997394736054606e-02,-1.411677612599764216e-02,-3.260766279611279888e-03,4.377016754655346960e-03,-4.043748300957691715e-03
-6.783940840790341452e-03,-2.899145701489036497e-02,1.011487435891284425e+00,8.203837571510706229e-04,1.107789549318831824e-03,9.259942368888565700e-03,1.451920235178730083e-02,1.627897241246985607e-02,-1.390229924135465318e-02,-3.404646881380237779e-03,3.932227011776116485e-03,-3.957207366333061020e-03
-6.049709818773834659e-03,-2.818484318699600311e-02,1.010792458050778775e+00,6.499324041008272199e-04,1.304563155159164066e-03,9.062243242587302017e-03,1.397830332683398964e-02,1.667816972255155988e-02,-1.369043617331830096e-02,-3.497976778709790523e-03,3.465686102877296466e-03,-3.872225992358000000e-03
-5.342377329208294022e-03,-2.735775573946944150e-02,1.010108306764244679e+00,4.747811338314934879e-04,1.477973257952896720e-03,8.868744442282056051e-03,1.334086006975325478e-02,1.699407120799450652e-02,-1.348117425544902506e-02,-3.542627605757778589e-03,2.983947981398672213e-03,-3.788827183775387956e-03
-4.666831623890805962e-03,-2.651433029942680888e-02,1.009434831312250980e+00,2.973698688024093741e-04,1.627260583386937447e-03,8.679373733721464437e-03,1.261827753561494195e-02,1.722441561981359961e-02,-1.327450286049751925e-02,-3.540909707692464596e-03,2.493376825331405054e-03,-3.707030098813497796e-03
-4.027388867015653517e-03,-2.565882459828387752e-02,1.008771877637398839e+00,1.200228282939253205e-04,1.751984537093241459e-03,8.494059064377985566e-03,1.182234058079116232e-02,1.736812799725784978e-02,-1.307041346614241061e-02,-3.495524500947419250e-03,2.000086286976399119e-03,-3.626849723563733800e-03
-3.427773430206029065e-03,-2.479555860804838474e-02,1.008119289370705829e+00,-5.507108527918146406e-05,1.852010615959784985e-03,8.312728304013819458e-03,1.096505886902593430e-02,1.742526221631171893e-02,-1.286889951510570597e-02,-3.409514764351380140e-03,1.509884456423221666e-03,-3.548296637834297794e-03
-2.871106048518467894e-03,-2.392885748976674928e-02,1.007476908850429620e+00,-2.258754057238417860e-04,1.927495068239133734e-03,8.135309010573384472e-03,1.005851745770269291e-02,1.739693438869288969e-02,-1.266995611909389058e-02,-3.286213428071559171e-03,1.028224877875507856e-03,-3.471376872330908872e-03
-2.359899550684601589e-03,-2.306299782535674997e-02,1.006844578100585696e+00,-3.905206530064040987e-04,1.978867105888776519e-03,7.961728236402301762e-03,9.114734433908132719e-03,1.728524831089958344e-02,-1.247357965377629552e-02,-3.129191444782567898e-03,5.601638938971668143e-04,-3.396091854981294917e-03
-1.896061807244301019e-03,-2.220215754343251094e-02,1.006222139740063248e+00,-5.473162680259777710e-04,2.006808986249162315e-03,7.791912386331064158e-03,8.145526839407082192e-03,1.709321418191605060e-02,-1.227976728851562158e-02,-2.942205339025111624e-03,1.103245226784935543e-04,-3.322438442035750058e-03
-1.480905477311625362e-03,-2.135036988801443381e-02,1.005609437797969630e+00,-6.947599163997260482e-04,2.012234290330977473e-03,7.625787135473930008e-03,7.162385982981920099e-03,1.682466181639668754e-02,-1.208851648955945428e-02,-2.729145033115644003e-03,-3.171329995791631194e-04,-3.250409028213606909e-03
-1.115164079011487976e-03,-2.051148171678100415e-02,1.005006318416301836e+00,-8.315441754752426595e-04,1.996264731492801425e-03,7.463277410842900431e-03,6.176363089156381748e-03,1.648414957751438703e-02,-1.189982453041989012e-02,-2.493982541624389492e-03,-7.185339561366877684e-04,-3.179991727578600300e-03
-7.990138605655479689e-04,-1.968911635332981289e-02,1.004412630426894326e+00,-9.565606484972079358e-04,1.960205830942286787e-03,7.304307437314851333e-03,5.197966075787328714e-03,1.607687024020951205e-02,-1.171368803656188881e-02,-2.240722109430536360e-03,-1.090705190195350761e-03,-3.111170616627895354e-03
-5.321009089371517590e-04,-1.888664115633957238e-02,1.003828225795558193e+00,-1.068901578702201316e-03,1.905521795236185143e-03,7.148800845167664446e-03,4.237068091319035751e-03,1.560855497137964183e-02,-1.153010258560931839e-02,-1.973352341243610891e-03,-1.430984550104167675e-03,-3.043926029315748797e-03
-3.135729011118601776e-04,-1.810713990812638785e-02,1.003252959932083410e+00,-1.167859063586609543e-03,1.833809925769348164e-03,6.996680833540717265e-03,3.302828277793691536e-03,1.508537657877885574e-02,-1.134906237790517421e-02,-1.695800833737074300e-03,-1.737223918473241886e-03,-2.978234893517723095e-03
-1.421148796269737871e-04,-1.735339006641932469e-02,1.002686691870093849e+00,-1.252921995203952390e-03,1.746774881189283417e-03,6.847870381812468620e-03,2.403625060290591042e-03,1.451385313533553982e-02,-1.117055998631394723e-02,-1.411891774712645134e-03,-2.007786078461375971e-03,-2.914071098170278613e-03
-1.598841888891602294e-05,-1.662784486677763504e-02,1.002129284325419700e+00,-1.323770875599035272e-03,1.646203100921486608e-03,6.702292499106507311e-03,1.547002099700838310e-03,1.390075303066826660e-02,-1.099458618867114705e-02,-1.125306919477911090e-03,-2.241535740447923690e-03,-2.851405880516174295e-03
6.692645796948796448e-05,-1.593262020944611820e-02,1.001580603645539025e+00,-1.380270677002022215e-03,1.533937681751202124e-03,6.559870500961074470e-03,7.396268860090462506e-04,1.325300243737125711e-02,-1.082112988142894423e-02,-8.395502931790241319e-04,-2.437825115811718957e-03,-2.790208223380519562e-03
1.090872506578728564e-04,-1.526948621407386505e-02,1.001040519665627571e+00,-1.422461933827371631e-03,1.411853980002456595e-03,6.420528301625073875e-03,-1.273820413111510005e-05,1.257759610688812847e-02,-1.065017806899633442e-02,-5.579169011784053259e-04,-2.596474481282012598e-03,-2.730445253178920284e-03
1.132434716722089128e-04,-1.463986327904221417e-02,1.000508905488816103e+00,-1.450550267593073237e-03,1.281836189624600050e-03,6.284190710445854318e-03,-7.052527065968394867e-04,1.188151232939645488e-02,-1.048171592002297529e-02,-2.834656597074623752e-04,-2.717748225006747041e-03,-2.672082630349536560e-03
8.239026825048297248e-05,-1.404482243954917157e-02,9.999856372093660628e-01,-1.464894556438204546e-03,1.145755121893560170e-03,6.150783721337180904e-03,-1.334003181172858672e-03,1.117163280513293160e-02,-1.031572687954294444e-02,-1.899668731387651370e-05,-2.802326904784638219e-03,-2.615084925025103549e-03
1.972176690770461465e-05,-1.348508978041340102e-02,9.994705935976982980e-01,-1.465993967883307643e-03,1.005447385878199861e-03,6.020234785288356219e-03,-1.895997212583913540e-03,1.045466808217057619e-02,-1.015219282441331104e-02,2.329669741608491338e-04,-2.851275877538501837e-03,-2.559415972015490447e-03
-7.141529808692109293e-05,-1.296105462606395725e-02,9.989636557656158544e-01,-1.454474076849134132e-03,8.626961408442871152e-04,5.892473057209309840e-03,-2.389146987027231193e-03,9.737089119095380246e-03,-9.991094248849755749e-03,4.701932092559821057e-04,-2.866011078564718439e-03,-2.505039200396149031e-03
-1.875671455754101538e-04,-1.247278120157935093e-02,9.984647068287619831e-01,-1.431072290872290693e-03,7.192135628271243298e-04,5.767429610010361800e-03,-2.812243223588737663e-03,9.025065431683711864e-03,-9.832410466952996864e-03,6.907503166379204852e-04,-2.848262537899449651e-03,-2.451917934254635965e-03
-3.252172103480347127e-04,-1.202002343506933246e-02,9.979736315814764502e-01,-1.396622801018770985e-03,5.766251382300068571e-04,5.645037610589291252e-03,-3.164920317847437492e-03,8.324410181937259498e-03,-9.676119819896685653e-03,8.930122626616701859e-04,-2.800036220340457356e-03,-2.400015662320733548e-03
-4.808286638374498385e-04,-1.160224255322311361e-02,9.974903161969004284e-01,-1.352041270546695297e-03,4.364558679782396108e-04,5.525232454247798811e-03,-3.447613616842957335e-03,7.640532467128435118e-03,-9.522199876732650309e-03,1.075659884841986000e-03,-2.723574765770861959e-03,-2.349296275263680622e-03
-6.508847949188256536e-04,-1.121862710847489758e-02,9.970146479625773273e-01,-1.298309464108321530e-03,3.001184369304481367e-04,5.407951855895987148e-03,-3.661509790306113378e-03,6.978396967211344427e-03,-9.370627619477758449e-03,1.237678277212720095e-03,-2.621317687678632533e-03,-2.299724270423920188e-03
-8.319269017257999079e-04,-1.086811506788962559e-02,9.965465150590486765e-01,-1.236460008632943091e-03,1.689033753620010358e-04,5.293135898145101721e-03,-3.808491292854169954e-03,6.342491012420826101e-03,-9.221379605114175815e-03,1.378350631362285127e-03,-2.495861561477010979e-03,-2.251264924537630698e-03
-1.020589395552011416e-03,-1.054941759040915403e-02,9.960858063861860456e-01,-1.167561463300642545e-03,4.397121276511069504e-05,5.180727037971087634e-03,-3.891075926256413933e-03,5.736799040348839612e-03,-9.074432099257657980e-03,1.497248839830932297e-03,-2.349920701295641050e-03,-2.203884435714419977e-03
-1.213631868794464927e-03,-1.026104412032066530e-02,9.956324114393496627e-01,-1.092703860647229472e-03,-7.365340071200065760e-05,5.070670074998795580e-03,-3.912352510664936570e-03,5.164784324409602868e-03,-8.929761178383389258e-03,1.594221194397807363e-03,-2.186288785130030207e-03,-2.157550036447525819e-03
-1.407967929774162161e-03,-1.000132843045629938e-02,9.951862202350302278e-01,-1.012984864184971173e-03,-1.830856528469545423e-04,4.962912085573120517e-03,-3.875913659883741327e-03,4.629377774376640560e-03,-8.787342799551825859e-03,1.669377529379441859e-03,-2.007801845555591286e-03,-2.112230079843746729e-03
-1.600690657457025769e-03,-9.768455258397468893e-03,9.947471232834879107e-01,-9.294966703931914053e-04,-2.835826764544088145e-04,4.857402327625172031e-03,-3.785786629505536426e-03,4.132973535459546349e-03,-8.647152838456276594e-03,1.723072170560340996e-03,-1.817302996493219995e-03,-2.067894101524858207e-03
-1.789094577968752906e-03,-9.560487192487383129e-03,9.943150116041168385e-01,-8.433137648809228620e-04,-3.745438920472268524e-04,4.754092121901577067e-03,-3.646363169389747142e-03,3.677431045872949205e-03,-8.509167098229636003e-03,1.755885053521149966e-03,-1.617609218425639008e-03,-2.024512859822494033e-03
-1.970694111790554943e-03,-9.375391481364507562e-03,9.938897767778688275e-01,-7.554816243170135726e-04,-4.555096891762790796e-04,4.652934715407762607e-03,-3.462329264906464053e-03,3.264083154559841576e-03,-8.373361292783678550e-03,1.768601372759979204e-03,-1.411480474665893943e-03,-1.982058356921534946e-03
-2.143238485149177343e-03,-9.211066460604966019e-03,9.934713110300833483e-01,-6.670064376360521161e-04,-5.261585631956518846e-04,4.553885132940462162e-03,-3.238595596077416955e-03,2.893749851008351175e-03,-8.239711009438550893e-03,1.762190114117529946e-03,-1.201591381966471807e-03,-1.940503843607815004e-03
-2.304723140957011963e-03,-9.065367312472160516e-03,9.930595073364895109e-01,-5.788459023861034815e-04,-5.863028353523467824e-04,4.456900022374778864e-03,-2.980229481680766925e-03,2.566757118138137967e-03,-8.108191656242703244e-03,1.737781810153482152e-03,-9.905056095981480332e-04,-1.899823810162081005e-03
-2.453397723373327340e-03,-8.936130899275996145e-03,9.926542595449460160e-01,-4.919011350848906394e-04,-6.358830927935381089e-04,4.361937498963008690e-03,-2.692389007987347656e-03,2.282960387038896269e-03,-7.978778399707975658e-03,1.696645840866337377e-03,-7.806531341207116831e-04,-1.859993965788336347e-03
-2.587770745374804067e-03,-8.821199436999615368e-03,9.922554625056339006e-01,-4.070097183140694726e-04,-6.749614914325779719e-04,4.268956993334164889e-03,-2.380259970460861865e-03,2.041772048798957788e-03,-7.851446098701673343e-03,1.640167582005712821e-03,-5.743104318875413231e-04,-1.820991208710333407e-03
-2.706611080442410805e-03,-8.718442803221397239e-03,9.918630122028652130e-01,-3.249398921510467781e-04,-7.037140687034150596e-04,4.177919107198974080e-03,-2.048996182788821382e-03,1.842192463502075137e-03,-7.726169239746240834e-03,1.569825680211849256e-03,-3.735836491111615542e-04,-1.782793589213301161e-03
-2.808946447458122737e-03,-8.625779301519972270e-03,9.914768058823739683e-01,-2.463858835581666878e-04,-7.224222152101642674e-04,4.088785479985596570e-03,-1.703663632237426917e-03,1.682843899320205817e-03,-7.602921878926448447e-03,1.487169710470163594e-03,-1.803947500952239515e-04,-1.745380266792160998e-03
-2.894059082086979182e-03,-8.541194733094207084e-03,9.910967421688250401e-01,-1.719643545571336346e-04,-7.314634542938907137e-04,4.001518668858831951e-03,-1.349188884651321679e-03,1.562006835003930047e-03,-7.481677594255070445e-03,1.393798445295186053e-03,3.529391207887535957e-06,-1.708731463574796180e-03
-2.961478808281873317e-03,-8.462759654876783263e-03,9.907227211693030444e-01,-1.022119385290151390e-04,-7.313016767811953865e-04,3.916082043740919290e-03,-9.903120674454634134e-04,1.477658066427581067e-03,-7.362409452039434844e-03,1.291338939904717806e-03,1.766650237178291364e-04,-1.672828414780736135e-03
-3.010973740125380809e-03,-8.388644731614516153e-03,9.903546445596130843e-01,-3.758382375169396850e-05,-7.224769747931858400e-04,3.832439698209017497e-03,-6.315446855300829460e-04,1.427510071547667420e-03,-7.245089989535589449e-03,1.181426611493873510e-03,3.376967712957841452e-04,-1.637653317514631323e-03
-3.042538857094261463e-03,-8.317134116908268121e-03,9.899924156513220108e-01,2.154666563246250598e-05,-7.055952137040037622e-04,3.750556376423881157e-03,-2.771324540381580660e-04,1.409051107535944482e-03,-7.129691215356242021e-03,1.065686465594794423e-03,4.855202249321021054e-04,-1.603189278617135529e-03
-3.056382705116443381e-03,-8.246636824760110798e-03,9.896359394385260133e-01,7.488754868658451945e-05,-6.813174752938673832e-04,3.670397415624575277e-03,6.897673638089912721e-05,1.419585538256440405e-03,-7.016184628115602895e-03,9.457155979536877250e-04,6.192420167827583340e-04,-1.569420262233172433e-03
-3.052912481637924495e-03,-8.175696078510534537e-03,9.892851226243102314e-01,1.222267906851738748e-04,-6.503494980397400271e-04,3.591928703196454499e-03,4.031596705392550281e-04,1.456273918976834416e-03,-6.904541252914725771e-03,8.230670768224715873e-04,7.381775356277273017e-04,-1.536331037561755510e-03
-3.032717765505955811e-03,-8.102996647944185615e-03,9.889398736277348334e-01,1.634300992050307180e-04,-6.134312324934675141e-04,3.515116646901707536e-03,7.221394854683442412e-04,1.516172397545468209e-03,-6.794731694478781808e-03,6.992352882832349398e-04,8.418464578890629728e-04,-1.503907127127909402e-03
-2.996553152004645740e-03,-8.027370207614599809e-03,9.886001025729168612e-01,1.984379865846023008e-04,-5.713266209766502393e-04,3.439928156555365109e-03,1.023002238865238205e-03,1.596271026548084278e-03,-6.686726205103473743e-03,5.756428060921887826e-04,9.299662798707731019e-04,-1.472134755800441489e-03
-2.945320050066234548e-03,-7.947798769936622112e-03,9.882657212623536802e-01,2.272621751100926252e-04,-5.248137015258580798e-04,3.366330635234686310e-03,1.303208487014833120e-03,1.693530618532056902e-03,-6.580494764999507418e-03,4.536288278627225216e-04,1.002444045412847649e-03,-1.441000800710340703e-03
-2.880047892754932642e-03,-7.863416265203034689e-03,9.879366431370603108e-01,2.499814233758392468e-04,-4.746751263008995667e-04,3.294291978019621425e-03,1.560600037149453747e-03,1.804917815628443107e-03,-6.476007172294199511e-03,3.344392012748993227e-04,1.059366469425726759e-03,-1.410492742142549190e-03
-2.801875003818529372e-03,-7.773508357314167123e-03,9.876127832263486006e-01,2.667368534468588675e-04,-4.216891746356438305e-04,3.223780576269128645e-03,1.793402081565211980e-03,1.927438085232846456e-03,-6.373233139645845952e-03,2.192180462340273495e-04,1.100988660681346447e-03,-1.380598615509138257e-03
-2.712029352669572280e-03,-7.677510598610454845e-03,9.872940580901879981e-01,2.777268587418210374e-04,-3.666213307336097958e-04,3.154765325525532224e-03,2.000220958288908332e-03,2.058166394290680129e-03,-6.272142394420535810e-03,1.090009644909872594e-04,1.127721649803998952e-03,-1.351306964401527422e-03
-2.611809417839520454e-03,-7.575005039739558972e-03,9.869803857570530470e-01,2.832016721231364587e-04,-3.102164857063216107e-04,3.087215635300836168e-03,2.180037815684584233e-03,2.194275355657149436e-03,-6.172704779353161211e-03,4.709812358619228025e-06,1.140118926302068980e-03,-1.322606794834973488e-03
-2.502565364992179707e-03,-7.465715420969443704e-03,9.866716856600092900e-01,2.834576724543053810e-04,-2.531918134547048497e-04,3.021101439208895376e-03,2.332198486104562589e-03,2.333060680549608502e-03,-6.074890350836387176e-03,-9.285100023414590974e-05,1.138862187199462346e-03,-1.294487530739387967e-03
-2.385680730232981987e-03,-7.349501079795466713e-03,9.863678785735321419e-01,2.788315060378007476e-04,-1.962303597614928233e-04,2.956393204159100518e-03,2.456399896625308891e-03,2.471963810840559390e-03,-5.978669472224447737e-03,-1.829967334630227876e-04,1.124746495022324816e-03,-1.266938970812892321e-03
-2.262554782949178535e-03,-7.226349716124131316e-03,9.860688865532167835e-01,2.696940968817910112e-04,-1.399753740716828368e-04,2.893061937599398451e-03,2.552673363128466627e-03,2.608591643515098795e-03,-5.884012899911462285e-03,-2.651631244208704254e-04,1.098665037506175654e-03,-1.239951246886268361e-03
-2.134585725000154571e-03,-7.096369160806629238e-03,9.857746328801446634e-01,2.564446167187097781e-04,-8.502540381777386343e-05,2.831079192076134746e-03,2.621365127628652938e-03,2.740733296714265542e-03,-5.790891860341164030e-03,-3.389058471851658463e-04,1.061593674313138962e-03,-1.213514783953527701e-03
-2.003154864977294263e-03,-6.959778295916098714e-03,9.854850420112490905e-01,2.395044821811557914e-04,-3.193016188096672831e-05,2.770417066653317259e-03,2.663114507949489174e-03,2.866373902124884094e-03,-5.699278116569195599e-03,-4.038987053555159940e-04,1.014575447789649310e-03,-1.187620262084665727e-03
-1.869611887692467249e-03,-6.816897276001977930e-03,9.852000395365856367e-01,2.193114425707432653e-04,1.881283107221271852e-05,2.711048204990184739e-03,2.678830033774540990e-03,2.983705441822464589e-03,-5.609144023456247297e-03,-4.599306442187146111e-04,9.587052254579665495e-04,-1.162258580419862778e-03
-1.735261320248203268e-03,-6.668137198713228360e-03,9.849195521439889633e-01,1.963138172888915275e-04,6.676083602252116749e-05,2.652945790107668830e-03,2.669663943935324073e-03,3.091134678822136678e-03,-5.520462571038966398e-03,-5.069016766447700852e-04,8.951146314059501164e-04,-1.137420823482189437e-03
-1.601350277196513221e-03,-6.513989370769984570e-03,9.846435075911986745e-01,1.709649372850382501e-04,1.115277313015098997e-04,2.596083536071175195e-03,2.636985416747065353e-03,3.187288259375317158e-03,-5.433207416067111981e-03,-5.448178228441337163e-04,8.249574126389687531e-04,-1.113098230029380175e-03
-1.469057548602406300e-03,-6.355014311399339449e-03,9.843718346851784151e-01,1.437178398633678098e-04,1.527851163690492251e-04,2.540435676976570464e-03,2.582352898489762190e-03,3.271015091329790032e-03,-5.347352902101221508e-03,-5.737851687652423911e-04,7.493953742573348977e-04,-1.089282164660689174e-03
-1.339484076476417807e-03,-6.191830630161251903e-03,9.841044632680486792e-01,1.150202609427717509e-04,1.902627121589087374e-04,2.485976953744587197e-03,2.507485884991989249e-03,3.341386126538395222e-03,-5.262874068927198001e-03,-5.940031521211247903e-04,6.695850045439722883e-04,-1.065964092363764831e-03
-1.213644847200012668e-03,-6.025103909706384410e-03,9.838413242088041022e-01,8.530996340835852109e-05,2.237480925380372506e-04,2.432682599306421143e-03,2.414236497967076154e-03,3.397691696283038597e-03,-5.179746652356578308e-03,-6.057571874162741852e-04,5.866648977560596839e-04,-1.043135556160598417e-03
-1.092462210397672582e-03,-5.855535716564045333e-03,9.835823493998046008e-01,5.501043461775632492e-05,2.530857868119005248e-04,2.380528322800723896e-03,2.304561181548433514e-03,3.439436566914066181e-03,-5.097947075721920296e-03,-6.094107432618937718e-04,5.017440686078529456e-04,-1.020788157966237434e-03
-9.767606183551530170e-04,-5.683852854693594199e-03,9.833274717569066015e-01,2.452698045497209186e-05,2.781757979043440764e-04,2.329490293403047117e-03,2.180492825659552467e-03,3.466332898371475655e-03,-5.017452434580337364e-03,-6.053969856996182976e-04,4.158912383295684215e-04,-9.989135427203189171e-04
-8.672627646757415012e-04,-5.510796967385801770e-03,9.830766252220418666e-01,-5.756762367074807465e-06,2.989715848312145784e-04,2.279545124377444984e-03,2.044113601736400471e-03,3.478291300943884938e-03,-4.938240476268228839e-03,-5.942101005911571126e-04,3.301251578356588371e-04,-9.775033858018232231e-04
-7.645870865210990450e-04,-5.337114583311522789e-03,9.828297447670459874e-01,-3.548187971229840377e-05,3.154775613599887550e-04,2.230669857881225921e-03,1.897528773208763181e-03,3.475410195555810652e-03,-4.860289576043861325e-03,-5.763964066928595805e-04,2.454060192339671629e-04,-9.565493836826881660e-04
-6.692465816003826231e-04,-5.163547692222275262e-03,9.825867663975809130e-01,-6.431678867812721287e-05,3.277461653054549958e-04,2.182841950973793237e-03,1.742841718366819120e-03,3.457963690097584641e-03,-4.783578711600612772e-03,-5.525453679337458514e-04,1.626279925173027875e-04,-9.360432477109619951e-04
-5.816488791344756517e-04,-4.990824925147394932e-03,9.823476271560809270e-01,-9.195939647598838412e-05,3.358745547497160025e-04,2.136039263185821394e-03,1.582130377118484829e-03,3.426388188882428625e-03,-4.708087437761797854e-03,-5.232806098026676622e-04,8.261291020895021803e-05,-9.159767008683926057e-04
-5.020974933983964267e-04,-4.819653403038976457e-03,9.821122651227612854e-01,-1.181388097575459552e-04,3.400009886094740937e-04,2.090240045901039633e-03,1.417425306018730690e-03,3.381267954323787829e-03,-4.633795863168839804e-03,-4.892510397108938702e-04,6.105109076220993115e-06,-8.963414772962654880e-04
-4.307941791844698562e-04,-4.650711306817876742e-03,9.818806194138586241e-01,-1.426165996052533927e-04,3.403009494254040498e-04,2.045422933696017503e-03,1.250689498159147754e-03,3.323319839471381223e-03,-4.560684630799071576e-03,-4.511221656253762424e-04,-6.623257538107533049e-05,-8.771293243364057524e-04
-3.678423006649427104e-04,-4.484641210795670997e-03,9.816526301764094686e-01,-1.651876321233167058e-04,3.369830660299673645e-04,2.001566937679073038e-03,1.083800096375375560e-03,3.253377407254199553e-03,-4.488734904168659515e-03,-4.095677003539512149e-04,-1.338216784643532259e-04,-8.583320068056253527e-04
-3.132511186820680386e-04,-4.322044210606332433e-03,9.814282385790038532e-01,-1.856804789364685255e-04,3.302848929064826095e-04,1.958651440771938101e-03,9.185321000916582762e-04,3.172374647287939334e-03,-4.417928361185940317e-03,-3.652615315937619823e-04,-1.961698686322776498e-04,-8.399413131849039820e-04
-2.669408964563865696e-04,-4.163474866188410402e-03,9.812073867980650732e-01,-2.039574259112255576e-04,3.204686016087329053e-04,1.916656194791821000e-03,7.565441382885785583e-04,3.081329494076504374e-03,-4.348247197738351263e-03,-3.188701298590310954e-04,-2.528716424591811226e-04,-8.219490634042313964e-04
-2.287487200643781315e-04,-4.009436970116257194e-03,9.809900179992959712e-01,-2.199141020212919768e-04,3.078166376180497036e-04,1.875561319118630157e-03,5.993663538564454954e-04,2.981327341540267618e-03,-4.279674143371593048e-03,-2.710454576046861090e-04,-3.036080020478221144e-04,-8.043471178767491216e-04
-1.984349277639645484e-04,-3.860380141781563548e-03,9.807760763139804494e-01,-2.334787534452728770e-04,2.926273935191016926e-04,1.835347300676161897e-03,4.483904182654919655e-04,2.873504738220458102e-03,-4.212192491795287673e-03,-2.224184340461387633e-04,-3.481451739448252944e-04,-7.871273874531319568e-04
-1.756900412954655484e-04,-3.716697238659117351e-03,9.805655068098277916e-01,-2.446111907100789067e-04,2.752109464203377322e-04,1.795994994916348935e-03,3.048616703075907042e-04,2.759033435439644556e-03,-4.145786149499902304e-03,-1.735930008163154292e-04,-3.863324362888378213e-04,-7.702818439606861061e-04
-1.601420925983387453e-04,-3.578722567228137183e-03,9.803582554559889806e-01,-2.533014389502207279e-04,2.558849042059396198e-04,1.757485627473998144e-03,1.698733488850841169e-04,2.639104947342081706e-03,-4.080439706547891315e-03,-1.251408242751394205e-04,-4.180991278957699392e-04,-7.538025310339550129e-04
-1.513642408900278105e-04,-3.446730868127625622e-03,9.801542690817399706e-01,-2.595681231433250242e-04,2.349704015186113637e-04,1.719800796153162989e-03,4.436286764630413462e-05,2.514915767307042936e-03,-4.016138534649884087e-03,-7.759666074816018639e-05,-4.434509184851264611e-04,-7.376815749314580327e-04
-1.488825776718721448e-04,-3.320937042855064483e-03,9.799534953281106020e-01,-2.634566214950714099e-04,2.127882824103128506e-04,1.682922472917153679e-03,-7.088994111751478885e-05,2.387653369934965471e-03,-3.952868919034756290e-03,-3.145440194179020897e-05,-4.624654234899302011e-04,-7.219111950961237117e-04
-1.521840208682628793e-04,-3.201496582815930355e-03,9.797558825914185476e-01,-2.650370210078714173e-04,1.896555024241884614e-04,1.646833005576819062e-03,-1.752627043421626954e-04,2.258483111868477521e-03,-3.890618232463233326e-03,1.283619153312957033e-05,-4.752872500867772604e-04,-7.064837142291102538e-04
-1.607242038715066192e-04,-3.088506655829434139e-03,9.795613799572304714e-01,-2.644019096627158046e-04,1.658817785376680287e-04,1.611515118906622825e-03,-2.682886152382663015e-04,2.128536128335481881e-03,-3.829375162121957665e-03,5.487206900202501307e-05,-4.821225630516256448e-04,-6.913915676905708430e-04
-1.739352706527263668e-04,-2.982007800315667097e-03,9.793699371226918249e-01,-2.616640396183306911e-04,1.417665109652621917e-04,1.576951914961155716e-03,-3.496528911602717624e-04,1.998898305705979015e-03,-3.769130003224484791e-03,9.429878967725382837e-05,-4.832332594969027660e-04,-6.766273120904076196e-04
-1.912334942006332331e-04,-2.881986173342148370e-03,9.791815043044121980e-01,-2.569538953927171963e-04,1.175959963658793978e-04,1.543126872413181760e-03,-4.191877159635896402e-04,1.870600393734708723e-03,-3.709875037119416980e-03,1.308117601789934750e-04,-4.789308414962792576e-04,-6.621836330016441560e-04
-2.120266422543037280e-04,-2.788376295494915391e-03,9.789960321281250266e-01,-2.504172001672752904e-04,9.364094754849965627e-05,1.510023844784433257e-03,-4.768658103139620163e-04,1.744609304714004510e-03,-3.651605016791753793e-03,1.641568328787407932e-04,-4.695700739562460669e-04,-6.480533518607813938e-04
-2.357210214914823830e-04,-2.701064233152249659e-03,9.788134714951108872e-01,-2.422123921891939399e-04,7.015433040162964598e-05,1.477627057486421026e-03,-5.227927809803194822e-04,1.621820630670240803e-03,-3.594317789158323409e-03,1.941302948255445250e-04,-4.555425125618403799e-04,-6.342294324463271628e-04
